<?xml version="1.0" encoding="UTF-8"?>
<!DOCTYPE beans PUBLIC 
"-//SPRING//DTD BEAN//EN" 
"http://www.springframework.org/dtd/spring-beans.dtd">
<beans>
	<bean id="beanKalyani" class="com.java.spr.Student">
		<property name="sno" value="1"/>
		<property name="firstName" value="Kalyani"/>
		<property name="lastName" value="Borse"/>
	</bean>
	
	<bean id="beanTejaswini" class="com.java.spr.Student">
		<property name="sno" value="2"/>
		<property name="firstName" value="Tejaswini"/>
		<property name="lastName" value="Kancharla"/>
	</bean>
	
	<bean id="beanKeerthana" class="com.java.spr.Student">
		<property name="sno" value="3"/>
		<property name="firstName" value="Keerthana"/>
		<property name="lastName" value="M"/>
	</bean>
	<bean id="beanTrainer" class="com.java.spr.Trainer">
		<property name="trainerName" value="Prasanna Pappu"/>
		<property name="location" value="Hyderabad"/>
		<property name="studentList">
			<list>
				<ref bean="beanKalyani" />
				<ref bean="beanTejaswini" />
				<ref bean="beanKeerthana" />
			</list>
		</property>
	</bean>
</beans>