<?xml version="1.0" encoding="UTF-8"?>
<!DOCTYPE beans PUBLIC 
"-//SPRING//DTD BEAN//EN" 
"http://www.springframework.org/dtd/spring-beans.dtd"> 
<beans>
	<bean id="beanFaculty" class="com.java.spr.Faculty">
		<property name="fname" value="Prasanna Pappu"/>
		<property name="students">
			<list>
				<ref bean="beanKushal"/>
				<ref bean="beanSarvesh" /> 
				<ref bean="beanNarendra" />
			</list>
		</property>
	</bean>
	<bean id="beanKushal" class="com.java.spr.Student">
		<property name="sno" value="1"/>
		<property name="name" value="Kushal Gowda"/>
		<property name="lunchbox">
			<bean class="com.java.spr.LunchBox">
				<property name="snacks" value="Burger"/>
			</bean>
		</property>
	</bean>
	<bean id="beanSarvesh" class="com.java.spr.Student">
		<property name="sno" value="2"/>
		<property name="name" value="Sarvesh Maurya"/>
		<property name="lunchbox">
			<bean class="com.java.spr.LunchBox">
				<property name="snacks" value="Pizza"/>
			</bean>
		</property>
	</bean>
	<bean id="beanNarendra" class="com.java.spr.Student">
		<property name="sno" value="3"/>
		<property name="name" value="Narendra Kumar"/>
		<property name="lunchbox">
			<bean class="com.java.spr.LunchBox">
				<property name="snacks" value="French Fries"/>
			</bean>
		</property>
	</bean>
</beans>