<?xml version="1.0" encoding="UTF-8"?>
<!DOCTYPE beans PUBLIC 
"-//SPRING//DTD BEAN//EN" 
"http://www.springframework.org/dtd/spring-beans.dtd">
<beans>
	<bean id="beanJyoshna" class="com.java.spr.Person">
		<property name="id" value="1"/>
		<property name="name" value="Lakshmi Naga Jyoshna"/>
		<property name="jobDetails">
			<bean class="com.java.spr.JobDetails">
				<property name="job" value="Software Engineer"/>
				<property name="company" value="Mphasis"/>
				<property name="location" value="Bangalore"/>
			</bean>
		</property>
		<property name="familyDetails">
			<bean class="com.java.spr.Family">
				<property name="city" value="Hyderabad"/>
				<property name="state" value="TS"/>
			</bean>
		</property>
	</bean>
</beans>