<?xml version="1.0" encoding="UTF-8"?>
<!DOCTYPE hibernate-configuration PUBLIC
		"-//Hibernate/Hibernate Configuration DTD 3.0//EN"
		"http://www.hibernate.org/dtd/hibernate-configuration-3.0.dtd">
<hibernate-configuration>
    <session-factory>
        <property name="hibernate.connection.driver_class">oracle.jdbc.driver.OracleDriver</property>
        <property name="hibernate.connection.password">training</property>
        <property name="hibernate.connection.url">jdbc:oracle:thin:@localhost:1521:orcl</property>
        <property name="hibernate.connection.username">training</property>
        <property name="hibernate.dialect">org.hibernate.dialect.Oracle10gDialect</property>
        <mapping class="com.java.lib.LibUsers"/>
        <mapping class="com.java.lib.Books"/>
        <mapping class="com.java.lib.TranBook"/>
    </session-factory>
</hibernate-configuration>
