<?xml version="1.0" encoding="UTF-8"?>
<!DOCTYPE beans PUBLIC 
"-//SPRING//DTD BEAN//EN" 
"http://www.springframework.org/dtd/spring-beans.dtd">
<beans>
	<bean id="beanJyoshna" class="com.java.spr.Person">
		<property name="id" value="1"/>
		<property name="name" value="Lakshmi Naga Jyoshna"/>
		<property name="jobDetails" ref="jobInfo" />
		<property name="familyDetails">
			<bean class="com.java.spr.Family">
				<property name="city" value="Hyderabad"/>
				<property name="state" value="TS"/>
			</bean>
		</property>
	</bean>
	
	<bean id="beanJosephine" class="com.java.spr.Person">
		<property name="id" value="3"/>
		<property name="name" value="Josephine Jemima"/>
		<property name="jobDetails" ref="jobInfo" />
		<property name="familyDetails">
			<bean class="com.java.spr.Family">
				<property name="city" value="Madhurai"/>
				<property name="state" value="TN"/>
			</bean>
		</property>
	</bean>
	
	<bean id="beanBhaskar" class="com.java.spr.Person">
		<property name="id" value="2"/>
		<property name="name" value="Bhaskar Narla"/>
		<property name="jobDetails" ref="jobInfo"/>
		<property name="familyDetails">
			<bean class="com.java.spr.Family">
				<property name="city" value="Hyderabad"/>
				<property name="state" value="TS"/>
			</bean>
		</property>
	</bean>
	<bean id="jobInfo" class="com.java.spr.JobDetails">
			<property name="job" value="Software Engineer"/>
			<property name="company" value="Mphasis"/>
			<property name="location" value="Bangalore"/>
	</bean>
</beans>